seq_name	res	n_pixels	lmbda	bytes	rate_bpp	psnr_db
kodim01	768x512	393216	22	117532	2.391194661	39.65101347
kodim01	768x512	393216	23	108922	2.216023763	38.87835223
kodim01	768x512	393216	24	100936	2.053548177	38.12885172
kodim01	768x512	393216	25	92758	1.887166341	37.3267938
kodim01	768x512	393216	26	84562	1.720418294	36.50734901
kodim01	768x512	393216	27	77169	1.570007324	35.70176952
kodim01	768x512	393216	28	69690	1.41784668	34.87132932
kodim01	768x512	393216	29	62570	1.272989909	34.04819555
kodim01	768x512	393216	30	56292	1.145263672	33.27438887
kodim01	768x512	393216	31	49887	1.014953613	32.44802266
kodim01	768x512	393216	32	43883	0.892801921	31.65903244
kodim01	768x512	393216	33	38479	0.782857259	30.88849589
kodim01	768x512	393216	34	33388	0.679280599	30.15573236
kodim01	768x512	393216	35	28812	0.586181641	29.43557517
kodim01	768x512	393216	36	24698	0.502482096	28.7313271
kodim01	768x512	393216	37	21071	0.428690592	28.10478555
kodim01	768x512	393216	38	17733	0.360778809	27.46425375
kodim01	768x512	393216	39	14797	0.301045736	26.86320972
kodim01	768x512	393216	40	12350	0.251261393	26.28977845
kodim01	768x512	393216	41	10201	0.207539876	25.71931811
kodim01	768x512	393216	42	8325	0.169372559	25.22162719
kodim01	768x512	393216	43	6824	0.138834635	24.70069053
kodim01	768x512	393216	44	5587	0.113667806	24.24696984
kodim01	768x512	393216	45	4489	0.091328939	23.82372181
kodim01	768x512	393216	46	3670	0.074666341	23.38210995
kodim01	768x512	393216	47	2974	0.060506185	22.96770497
kodim01	768x512	393216	48	2413	0.049092611	22.58342202
kodim01	768x512	393216	49	1982	0.040323893	22.159229
kodim01	768x512	393216	50	1619	0.032938639	21.83157167
kodim01	768x512	393216	51	1356	0.027587891	21.51086791
kodim02	768x512	393216	22	61527	1.25177002	39.77577552
kodim02	768x512	393216	23	54276	1.104248047	39.15243993
kodim02	768x512	393216	24	48114	0.978881836	38.54424482
kodim02	768x512	393216	25	42060	0.855712891	37.86717709
kodim02	768x512	393216	26	36314	0.738810221	37.21407018
kodim02	768x512	393216	27	31478	0.640421549	36.5888237
kodim02	768x512	393216	28	27188	0.553141276	36.00148261
kodim02	768x512	393216	29	23159	0.471171061	35.37211775
kodim02	768x512	393216	30	19853	0.403910319	34.81317796
kodim02	768x512	393216	31	16810	0.342000326	34.25778859
kodim02	768x512	393216	32	13988	0.284586589	33.67857151
kodim02	768x512	393216	33	11797	0.240010579	33.15841902
kodim02	768x512	393216	34	9793	0.199239095	32.61634766
kodim02	768x512	393216	35	8004	0.162841797	32.12217162
kodim02	768x512	393216	36	6570	0.133666992	31.61709409
kodim02	768x512	393216	37	5457	0.111022949	31.1835997
kodim02	768x512	393216	38	4511	0.09177653	30.78353358
kodim02	768x512	393216	39	3706	0.075398763	30.36137606
kodim02	768x512	393216	40	3117	0.063415527	29.93031765
kodim02	768x512	393216	41	2620	0.053304036	29.49561686
kodim02	768x512	393216	42	2130	0.043334961	29.08077022
kodim02	768x512	393216	43	1782	0.036254883	28.81892014
kodim02	768x512	393216	44	1496	0.030436198	28.22924118
kodim02	768x512	393216	45	1239	0.02520752	27.96101413
kodim02	768x512	393216	46	1087	0.022115072	27.63143018
kodim02	768x512	393216	47	884	0.017985026	27.14088569
kodim02	768x512	393216	48	802	0.016316732	26.66356658
kodim02	768x512	393216	49	702	0.014282227	26.20894176
kodim02	768x512	393216	50	568	0.01155599	25.92356239
kodim02	768x512	393216	51	491	0.009989421	25.47014649
kodim03	768x512	393216	22	39243	0.798400879	41.59589365
kodim03	768x512	393216	23	35346	0.719116211	41.12414705
kodim03	768x512	393216	24	31875	0.648498535	40.57640703
kodim03	768x512	393216	25	28587	0.581604004	39.98731701
kodim03	768x512	393216	26	25454	0.517862956	39.38367955
kodim03	768x512	393216	27	22654	0.46089681	38.80020818
kodim03	768x512	393216	28	20260	0.412190755	38.23999213
kodim03	768x512	393216	29	17956	0.365315755	37.65588293
kodim03	768x512	393216	30	15867	0.322814941	37.08113915
kodim03	768x512	393216	31	13953	0.283874512	36.43951191
kodim03	768x512	393216	32	12224	0.248697917	35.89180825
kodim03	768x512	393216	33	10691	0.217508952	35.27852121
kodim03	768x512	393216	34	9434	0.191935221	34.67641301
kodim03	768x512	393216	35	8069	0.164164225	34.07784234
kodim03	768x512	393216	36	7039	0.143208822	33.46530657
kodim03	768x512	393216	37	5989	0.121846517	32.92772248
kodim03	768x512	393216	38	5016	0.102050781	32.27915854
kodim03	768x512	393216	39	4263	0.086730957	31.71841685
kodim03	768x512	393216	40	3691	0.075093587	31.24610746
kodim03	768x512	393216	41	3168	0.064453125	30.75969926
kodim03	768x512	393216	42	2621	0.053324382	30.18581662
kodim03	768x512	393216	43	2185	0.044453939	29.72266949
kodim03	768x512	393216	44	1911	0.038879395	29.22880769
kodim03	768x512	393216	45	1659	0.033752441	28.92600997
kodim03	768x512	393216	46	1474	0.029988607	28.48528746
kodim03	768x512	393216	47	1253	0.02549235	28.13077011
kodim03	768x512	393216	48	1152	0.0234375	27.68684549
kodim03	768x512	393216	49	981	0.019958496	27.10907036
kodim03	768x512	393216	50	880	0.017903646	26.77000244
kodim03	768x512	393216	51	779	0.015848796	26.4396217
kodim04	512x768	393216	22	61452	1.250244141	39.9970462
kodim04	512x768	393216	23	54696	1.112792969	39.36755267
kodim04	512x768	393216	24	48682	0.990437826	38.75766349
kodim04	512x768	393216	25	43054	0.875935872	38.11508862
kodim04	512x768	393216	26	37703	0.767069499	37.44875796
kodim04	512x768	393216	27	33129	0.67401123	36.83927906
kodim04	512x768	393216	28	28970	0.589396159	36.22214453
kodim04	512x768	393216	29	25178	0.512247721	35.5927231
kodim04	512x768	393216	30	21828	0.444091797	35.01227791
kodim04	512x768	393216	31	18769	0.381856283	34.40715708
kodim04	512x768	393216	32	16056	0.326660156	33.8053158
kodim04	512x768	393216	33	13737	0.27947998	33.2407568
kodim04	512x768	393216	34	11693	0.237894694	32.68409034
kodim04	512x768	393216	35	10008	0.203613281	32.16134859
kodim04	512x768	393216	36	8551	0.17397054	31.65670204
kodim04	512x768	393216	37	7223	0.146952311	31.10844254
kodim04	512x768	393216	38	6016	0.122395833	30.59455876
kodim04	512x768	393216	39	5097	0.10369873	30.15882926
kodim04	512x768	393216	40	4350	0.088500977	29.66645964
kodim04	512x768	393216	41	3723	0.075744629	29.2604683
kodim04	512x768	393216	42	3165	0.06439209	28.82644761
kodim04	512x768	393216	43	2658	0.054077148	28.40813455
kodim04	512x768	393216	44	2271	0.046203613	27.96709407
kodim04	512x768	393216	45	1981	0.040303548	27.65124272
kodim04	512x768	393216	46	1730	0.03519694	27.200319
kodim04	512x768	393216	47	1561	0.031758626	26.92869176
kodim04	512x768	393216	48	1344	0.02734375	26.51529198
kodim04	512x768	393216	49	1234	0.025105794	26.19425972
kodim04	512x768	393216	50	1047	0.02130127	25.78956156
kodim04	512x768	393216	51	932	0.018961589	25.44543677
kodim05	768x512	393216	22	116739	2.375061035	39.2255625
kodim05	768x512	393216	23	107668	2.190511068	38.49348185
kodim05	768x512	393216	24	99429	2.022888184	37.80528045
kodim05	768x512	393216	25	91143	1.854309082	37.06759287
kodim05	768x512	393216	26	83199	1.692687988	36.29624861
kodim05	768x512	393216	27	75942	1.545043945	35.57461866
kodim05	768x512	393216	28	69189	1.407653809	34.83907896
kodim05	768x512	393216	29	62774	1.277140299	34.08466002
kodim05	768x512	393216	30	56881	1.157246908	33.35674627
kodim05	768x512	393216	31	51161	1.04087321	32.58751173
kodim05	768x512	393216	32	45715	0.930074056	31.84685454
kodim05	768x512	393216	33	41040	0.834960938	31.12440618
kodim05	768x512	393216	34	36598	0.744588216	30.41089739
kodim05	768x512	393216	35	32474	0.660685221	29.69326079
kodim05	768x512	393216	36	28773	0.585388184	29.00709065
kodim05	768x512	393216	37	25347	0.515686035	28.32579681
kodim05	768x512	393216	38	21819	0.443908691	27.57366271
kodim05	768x512	393216	39	19143	0.389465332	26.95227639
kodim05	768x512	393216	40	16793	0.34165446	26.34355947
kodim05	768x512	393216	41	14361	0.292175293	25.67288292
kodim05	768x512	393216	42	12424	0.252766927	25.09300601
kodim05	768x512	393216	43	10623	0.216125488	24.46812804
kodim05	768x512	393216	44	9098	0.185099284	23.89044569
kodim05	768x512	393216	45	7608	0.154785156	23.30063327
kodim05	768x512	393216	46	6383	0.129862467	22.77182944
kodim05	768x512	393216	47	5430	0.110473633	22.29721637
kodim05	768x512	393216	48	4610	0.09379069	21.84603134
kodim05	768x512	393216	49	3843	0.078186035	21.31923873
kodim05	768x512	393216	50	3150	0.064086914	20.84215573
kodim05	768x512	393216	51	2682	0.05456543	20.45789075
kodim06	768x512	393216	22	88535	1.801249186	39.89784369
kodim06	768x512	393216	23	80865	1.645202637	39.22083939
kodim06	768x512	393216	24	74058	1.506713867	38.55048313
kodim06	768x512	393216	25	67115	1.365458171	37.80841207
kodim06	768x512	393216	26	60683	1.234598796	37.04586259
kodim06	768x512	393216	27	54740	1.113688151	36.34576271
kodim06	768x512	393216	28	49376	1.004557292	35.64893463
kodim06	768x512	393216	29	44261	0.90049235	34.92948558
kodim06	768x512	393216	30	39595	0.805562337	34.22905544
kodim06	768x512	393216	31	35161	0.715352376	33.52651784
kodim06	768x512	393216	32	30911	0.628885905	32.80077465
kodim06	768x512	393216	33	27150	0.552368164	32.13343599
kodim06	768x512	393216	34	23844	0.485107422	31.47707037
kodim06	768x512	393216	35	20620	0.419514974	30.77349508
kodim06	768x512	393216	36	17760	0.361328125	30.10899011
kodim06	768x512	393216	37	15273	0.31072998	29.48177665
kodim06	768x512	393216	38	12847	0.261372884	28.83018202
kodim06	768x512	393216	39	10865	0.221048991	28.26145921
kodim06	768x512	393216	40	9124	0.185628255	27.64081696
kodim06	768x512	393216	41	7597	0.154561361	27.09979366
kodim06	768x512	393216	42	6318	0.128540039	26.59047629
kodim06	768x512	393216	43	5119	0.104146322	26.0500759
kodim06	768x512	393216	44	4153	0.084493001	25.55385002
kodim06	768x512	393216	45	3394	0.069051107	25.09799226
kodim06	768x512	393216	46	2724	0.055419922	24.69603467
kodim06	768x512	393216	47	2225	0.045267741	24.23884693
kodim06	768x512	393216	48	1803	0.036682129	23.86711316
kodim06	768x512	393216	49	1452	0.029541016	23.46947914
kodim06	768x512	393216	50	1140	0.023193359	23.1368787
kodim06	768x512	393216	51	914	0.018595378	22.83396546
kodim07	768x512	393216	22	47745	0.971374512	41.24063092
kodim07	768x512	393216	23	43562	0.886271159	40.71753638
kodim07	768x512	393216	24	39828	0.810302734	40.17698553
kodim07	768x512	393216	25	36310	0.738728841	39.61091283
kodim07	768x512	393216	26	32824	0.66780599	38.99196547
kodim07	768x512	393216	27	29733	0.604919434	38.42794007
kodim07	768x512	393216	28	27064	0.55061849	37.81701693
kodim07	768x512	393216	29	24356	0.495524089	37.18553868
kodim07	768x512	393216	30	22155	0.450744629	36.57523831
kodim07	768x512	393216	31	19981	0.406514486	35.96002203
kodim07	768x512	393216	32	17818	0.362508138	35.31292175
kodim07	768x512	393216	33	15928	0.32405599	34.65843942
kodim07	768x512	393216	34	14293	0.290791829	34.03607011
kodim07	768x512	393216	35	12786	0.260131836	33.41004847
kodim07	768x512	393216	36	11416	0.232259115	32.81933615
kodim07	768x512	393216	37	10077	0.20501709	32.18981708
kodim07	768x512	393216	38	8930	0.181681315	31.52205931
kodim07	768x512	393216	39	7824	0.159179688	30.88949319
kodim07	768x512	393216	40	6900	0.140380859	30.26772767
kodim07	768x512	393216	41	6111	0.124328613	29.63651645
kodim07	768x512	393216	42	5381	0.109476725	29.01020461
kodim07	768x512	393216	43	4631	0.094217936	28.47995302
kodim07	768x512	393216	44	3965	0.080668132	27.82062036
kodim07	768x512	393216	45	3446	0.070109049	27.24259888
kodim07	768x512	393216	46	3029	0.061625163	26.66907202
kodim07	768x512	393216	47	2548	0.051839193	26.02996427
kodim07	768x512	393216	48	2205	0.04486084	25.50698727
kodim07	768x512	393216	49	1896	0.038574219	25.12864203
kodim07	768x512	393216	50	1611	0.032775879	24.4404812
kodim07	768x512	393216	51	1386	0.028198242	24.02827076
kodim08	768x512	393216	22	115581	2.351501465	38.81420048
kodim08	768x512	393216	23	105407	2.144510905	38.08679961
kodim08	768x512	393216	24	96065	1.954447428	37.35611497
kodim08	768x512	393216	25	87228	1.774658203	36.62129901
kodim08	768x512	393216	26	78797	1.603129069	35.8745783
kodim08	768x512	393216	27	71671	1.458150228	35.18694849
kodim08	768x512	393216	28	64583	1.313944499	34.48084327
kodim08	768x512	393216	29	58178	1.18363444	33.77001662
kodim08	768x512	393216	30	52799	1.074198405	33.10944487
kodim08	768x512	393216	31	47208	0.960449219	32.39263285
kodim08	768x512	393216	32	42222	0.859008789	31.70837841
kodim08	768x512	393216	33	37571	0.764383952	31.01088821
kodim08	768x512	393216	34	33541	0.682393392	30.35159938
kodim08	768x512	393216	35	30052	0.611409505	29.68793342
kodim08	768x512	393216	36	26794	0.545125326	29.05445578
kodim08	768x512	393216	37	23635	0.480855306	28.36961859
kodim08	768x512	393216	38	20737	0.421895345	27.7124633
kodim08	768x512	393216	39	18289	0.372090658	27.08596036
kodim08	768x512	393216	40	15970	0.324910482	26.43908173
kodim08	768x512	393216	41	14061	0.286071777	25.81097425
kodim08	768x512	393216	42	12253	0.249287923	25.20608759
kodim08	768x512	393216	43	10579	0.215230306	24.59960315
kodim08	768x512	393216	44	9218	0.18754069	23.97462761
kodim08	768x512	393216	45	7926	0.161254883	23.40394202
kodim08	768x512	393216	46	6949	0.141377767	22.91198185
kodim08	768x512	393216	47	5986	0.121785482	22.3323479
kodim08	768x512	393216	48	5130	0.104370117	21.81553535
kodim08	768x512	393216	49	4474	0.091023763	21.28294864
kodim08	768x512	393216	50	3771	0.076721191	20.78071132
kodim08	768x512	393216	51	3147	0.064025879	20.21369382
kodim09	512x768	393216	22	40036	0.814534505	40.26929879
kodim09	512x768	393216	23	35905	0.730489095	39.86987294
kodim09	512x768	393216	24	32469	0.660583496	39.48247783
kodim09	512x768	393216	25	29173	0.593526204	39.05318611
kodim09	512x768	393216	26	26238	0.533813477	38.60210951
kodim09	512x768	393216	27	23722	0.482625326	38.14890966
kodim09	512x768	393216	28	21407	0.43552653	37.67540549
kodim09	512x768	393216	29	19153	0.389668783	37.17241795
kodim09	512x768	393216	30	17143	0.348775228	36.65600773
kodim09	512x768	393216	31	15272	0.310709635	36.09021358
kodim09	512x768	393216	32	13644	0.277587891	35.56444405
kodim09	512x768	393216	33	12165	0.247497559	35.03049291
kodim09	512x768	393216	34	10778	0.219278971	34.46359703
kodim09	512x768	393216	35	9423	0.191711426	33.86255985
kodim09	512x768	393216	36	8403	0.170959473	33.30833387
kodim09	512x768	393216	37	7340	0.149332682	32.78578062
kodim09	512x768	393216	38	6505	0.132344564	32.17107164
kodim09	512x768	393216	39	5621	0.114359538	31.63696281
kodim09	512x768	393216	40	4921	0.100118001	31.09574783
kodim09	512x768	393216	41	4235	0.086161296	30.51926195
kodim09	512x768	393216	42	3719	0.075663249	29.94958707
kodim09	512x768	393216	43	3153	0.064147949	29.37655948
kodim09	512x768	393216	44	2774	0.056437174	28.89642381
kodim09	512x768	393216	45	2351	0.047831217	28.41028349
kodim09	512x768	393216	46	2066	0.042032878	27.9413975
kodim09	512x768	393216	47	1756	0.035725911	27.37909741
kodim09	512x768	393216	48	1533	0.031188965	26.76608954
kodim09	512x768	393216	49	1328	0.027018229	26.3291634
kodim09	512x768	393216	50	1192	0.024251302	25.83754553
kodim09	512x768	393216	51	1007	0.020487467	25.36277062
kodim10	512x768	393216	22	44787	0.911193848	40.18106835
kodim10	512x768	393216	23	39874	0.811238607	39.73573101
kodim10	512x768	393216	24	35751	0.727355957	39.26039309
kodim10	512x768	393216	25	32104	0.653157552	38.77322452
kodim10	512x768	393216	26	28682	0.583536784	38.25954226
kodim10	512x768	393216	27	25651	0.521870931	37.76600792
kodim10	512x768	393216	28	22899	0.465881348	37.24811606
kodim10	512x768	393216	29	20346	0.41394043	36.70852331
kodim10	512x768	393216	30	18255	0.371398926	36.17864154
kodim10	512x768	393216	31	16177	0.329121908	35.61571928
kodim10	512x768	393216	32	14286	0.290649414	35.04917809
kodim10	512x768	393216	33	12689	0.258158366	34.47317181
kodim10	512x768	393216	34	11307	0.230041504	33.94442725
kodim10	512x768	393216	35	9901	0.201436361	33.34545286
kodim10	512x768	393216	36	8740	0.177815755	32.81209318
kodim10	512x768	393216	37	7671	0.156066895	32.22727397
kodim10	512x768	393216	38	6754	0.137410482	31.63444724
kodim10	512x768	393216	39	5850	0.119018555	31.09118276
kodim10	512x768	393216	40	5139	0.104553223	30.55615209
kodim10	512x768	393216	41	4431	0.090148926	29.97068452
kodim10	512x768	393216	42	3761	0.076517741	29.42556318
kodim10	512x768	393216	43	3334	0.067830404	28.98948946
kodim10	512x768	393216	44	2908	0.059163411	28.5685505
kodim10	512x768	393216	45	2480	0.050455729	27.95227141
kodim10	512x768	393216	46	2122	0.043172201	27.5373757
kodim10	512x768	393216	47	1833	0.03729248	26.97595797
kodim10	512x768	393216	48	1551	0.031555176	26.4726136
kodim10	512x768	393216	49	1323	0.026916504	25.96167581
kodim10	512x768	393216	50	1108	0.022542318	25.49560202
kodim10	512x768	393216	51	900	0.018310547	25.01629932
kodim11	768x512	393216	22	80166	1.630981445	39.96526629
kodim11	768x512	393216	23	72644	1.477945964	39.27466713
kodim11	768x512	393216	24	66024	1.343261719	38.6126533
kodim11	768x512	393216	25	59342	1.207316081	37.87804949
kodim11	768x512	393216	26	53143	1.081197103	37.14454395
kodim11	768x512	393216	27	47465	0.965677897	36.46831908
kodim11	768x512	393216	28	42386	0.862345378	35.78346801
kodim11	768x512	393216	29	37554	0.764038086	35.11102331
kodim11	768x512	393216	30	33430	0.680135091	34.46520424
kodim11	768x512	393216	31	29375	0.597635905	33.7874398
kodim11	768x512	393216	32	25515	0.519104004	33.10285454
kodim11	768x512	393216	33	22313	0.453959147	32.48114294
kodim11	768x512	393216	34	19401	0.394714355	31.83548767
kodim11	768x512	393216	35	16710	0.33996582	31.2191384
kodim11	768x512	393216	36	14382	0.292602539	30.6162302
kodim11	768x512	393216	37	12464	0.253580729	30.04943159
kodim11	768x512	393216	38	10521	0.214050293	29.43032883
kodim11	768x512	393216	39	8976	0.182617188	28.88173643
kodim11	768x512	393216	40	7569	0.153991699	28.34232801
kodim11	768x512	393216	41	6303	0.128234863	27.79984548
kodim11	768x512	393216	42	5328	0.108398438	27.27336811
kodim11	768x512	393216	43	4452	0.090576172	26.85076772
kodim11	768x512	393216	44	3725	0.075785319	26.38361537
kodim11	768x512	393216	45	3103	0.063130697	25.83617475
kodim11	768x512	393216	46	2586	0.052612305	25.35730831
kodim11	768x512	393216	47	2144	0.043619792	24.96803004
kodim11	768x512	393216	48	1779	0.036193848	24.55520161
kodim11	768x512	393216	49	1486	0.030232747	24.25421232
kodim11	768x512	393216	50	1247	0.02537028	23.752743
kodim11	768x512	393216	51	1042	0.021199544	23.39705226
kodim12	768x512	393216	22	47046	0.95715332	40.63402532
kodim12	768x512	393216	23	41663	0.847635905	40.08018211
kodim12	768x512	393216	24	37250	0.75785319	39.51945077
kodim12	768x512	393216	25	32801	0.667338053	38.91962487
kodim12	768x512	393216	26	28651	0.582906087	38.34018808
kodim12	768x512	393216	27	25130	0.511271159	37.75005386
kodim12	768x512	393216	28	21887	0.445292155	37.18898719
kodim12	768x512	393216	29	18928	0.385091146	36.58200314
kodim12	768x512	393216	30	16538	0.336466471	36.03365397
kodim12	768x512	393216	31	14306	0.291056315	35.47910555
kodim12	768x512	393216	32	12206	0.248331706	34.92505063
kodim12	768x512	393216	33	10541	0.214457194	34.40145892
kodim12	768x512	393216	34	9061	0.184346517	33.8825608
kodim12	768x512	393216	35	7624	0.155110677	33.32661907
kodim12	768x512	393216	36	6534	0.13293457	32.84011767
kodim12	768x512	393216	37	5578	0.113484701	32.39363023
kodim12	768x512	393216	38	4772	0.097086589	31.89880783
kodim12	768x512	393216	39	4026	0.08190918	31.46511065
kodim12	768x512	393216	40	3387	0.068908691	30.95875618
kodim12	768x512	393216	41	2839	0.057759603	30.45503711
kodim12	768x512	393216	42	2488	0.05061849	30.10831572
kodim12	768x512	393216	43	2139	0.043518066	29.72439746
kodim12	768x512	393216	44	1768	0.035970052	29.1999187
kodim12	768x512	393216	45	1578	0.032104492	28.76554284
kodim12	768x512	393216	46	1377	0.028015137	28.39273579
kodim12	768x512	393216	47	1205	0.024515788	27.92316364
kodim12	768x512	393216	48	1088	0.022135417	27.54111881
kodim12	768x512	393216	49	932	0.018961589	27.17625899
kodim12	768x512	393216	50	810	0.016479492	26.52792466
kodim12	768x512	393216	51	741	0.015075684	26.26774447
kodim13	768x512	393216	22	162907	3.3143514	38.81256727
kodim13	768x512	393216	23	151705	3.086446126	38.03026985
kodim13	768x512	393216	24	141185	2.872416178	37.24860912
kodim13	768x512	393216	25	130318	2.651326497	36.40976688
kodim13	768x512	393216	26	119719	2.43568929	35.59434795
kodim13	768x512	393216	27	109669	2.231221517	34.74590387
kodim13	768x512	393216	28	100541	2.045511882	33.93072967
kodim13	768x512	393216	29	91151	1.854471842	33.09463706
kodim13	768x512	393216	30	82983	1.688293457	32.31991841
kodim13	768x512	393216	31	74309	1.511820475	31.47303666
kodim13	768x512	393216	32	66202	1.346883138	30.65774792
kodim13	768x512	393216	33	58841	1.19712321	29.86532055
kodim13	768x512	393216	34	51899	1.055887858	29.08558851
kodim13	768x512	393216	35	45116	0.91788737	28.29667716
kodim13	768x512	393216	36	39471	0.803039551	27.58249023
kodim13	768x512	393216	37	34026	0.692260742	26.873786
kodim13	768x512	393216	38	28783	0.585591634	26.15080706
kodim13	768x512	393216	39	24562	0.499715169	25.52285474
kodim13	768x512	393216	40	20670	0.420532227	24.89873266
kodim13	768x512	393216	41	17305	0.352071126	24.29163837
kodim13	768x512	393216	42	14527	0.295552572	23.75955322
kodim13	768x512	393216	43	11926	0.242635091	23.18848676
kodim13	768x512	393216	44	9673	0.196797689	22.63890958
kodim13	768x512	393216	45	7882	0.160359701	22.15746336
kodim13	768x512	393216	46	6306	0.128295898	21.66681732
kodim13	768x512	393216	47	5001	0.101745605	21.19505269
kodim13	768x512	393216	48	3980	0.080973307	20.78138301
kodim13	768x512	393216	49	3176	0.064615885	20.4133838
kodim13	768x512	393216	50	2400	0.048828125	20.02556274
kodim13	768x512	393216	51	1915	0.038960775	19.72686068
kodim14	768x512	393216	22	106380	2.164306641	39.36224149
kodim14	768x512	393216	23	97259	1.978739421	38.63818864
kodim14	768x512	393216	24	88884	1.808349609	37.92716691
kodim14	768x512	393216	25	80219	1.632059733	37.11771034
kodim14	768x512	393216	26	72083	1.466532389	36.34448735
kodim14	768x512	393216	27	64815	1.318664551	35.62283667
kodim14	768x512	393216	28	58082	1.181681315	34.88311633
kodim14	768x512	393216	29	51691	1.051656087	34.15064636
kodim14	768x512	393216	30	46205	0.940043132	33.44365734
kodim14	768x512	393216	31	40725	0.828552246	32.72854636
kodim14	768x512	393216	32	35613	0.72454834	32.01314444
kodim14	768x512	393216	33	31116	0.633056641	31.31743851
kodim14	768x512	393216	34	27182	0.553019206	30.6792196
kodim14	768x512	393216	35	23462	0.477335612	30.00536172
kodim14	768x512	393216	36	20337	0.413757324	29.39182732
kodim14	768x512	393216	37	17558	0.357218424	28.80810023
kodim14	768x512	393216	38	14975	0.304667155	28.21120082
kodim14	768x512	393216	39	12728	0.258951823	27.64454793
kodim14	768x512	393216	40	10868	0.221110026	27.10554596
kodim14	768x512	393216	41	9277	0.188741048	26.55496721
kodim14	768x512	393216	42	7900	0.160725911	26.05394446
kodim14	768x512	393216	43	6673	0.135762533	25.55898841
kodim14	768x512	393216	44	5597	0.113871257	25.08698131
kodim14	768x512	393216	45	4749	0.096618652	24.64949127
kodim14	768x512	393216	46	4027	0.081929525	24.20605482
kodim14	768x512	393216	47	3358	0.068318685	23.75936667
kodim14	768x512	393216	48	2830	0.057576497	23.30722986
kodim14	768x512	393216	49	2370	0.048217773	22.84515461
kodim14	768x512	393216	50	1951	0.039693197	22.47814935
kodim14	768x512	393216	51	1688	0.034342448	22.15165251
kodim15	768x512	393216	22	56460	1.148681641	40.42682617
kodim15	768x512	393216	23	50343	1.024230957	39.80770211
kodim15	768x512	393216	24	44951	0.914530436	39.20462933
kodim15	768x512	393216	25	39903	0.811828613	38.56715676
kodim15	768x512	393216	26	35312	0.718424479	37.94755484
kodim15	768x512	393216	27	31048	0.631673177	37.29688316
kodim15	768x512	393216	28	27411	0.557678223	36.72880414
kodim15	768x512	393216	29	23736	0.482910156	36.0870654
kodim15	768x512	393216	30	20803	0.423238118	35.50447432
kodim15	768x512	393216	31	18057	0.367370605	34.89873061
kodim15	768x512	393216	32	15505	0.315450033	34.3151828
kodim15	768x512	393216	33	13458	0.273803711	33.72779092
kodim15	768x512	393216	34	11537	0.234720866	33.17472094
kodim15	768x512	393216	35	9909	0.201599121	32.6430266
kodim15	768x512	393216	36	8373	0.170349121	32.10482477
kodim15	768x512	393216	37	7229	0.147074382	31.582815
kodim15	768x512	393216	38	6203	0.126200358	31.05182375
kodim15	768x512	393216	39	5220	0.106201172	30.57075998
kodim15	768x512	393216	40	4368	0.088867188	30.03029148
kodim15	768x512	393216	41	3789	0.077087402	29.66588748
kodim15	768x512	393216	42	3237	0.065856934	29.28247451
kodim15	768x512	393216	43	2809	0.057149251	28.87057334
kodim15	768x512	393216	44	2472	0.050292969	28.40501438
kodim15	768x512	393216	45	2082	0.042358398	27.96094176
kodim15	768x512	393216	46	1870	0.038045247	27.56555942
kodim15	768x512	393216	47	1600	0.032552083	27.18422568
kodim15	768x512	393216	48	1393	0.028340658	26.58151692
kodim15	768x512	393216	49	1254	0.025512695	26.28514246
kodim15	768x512	393216	50	1120	0.022786458	25.91940582
kodim15	768x512	393216	51	961	0.019551595	25.49547127
kodim16	768x512	393216	22	61551	1.252258301	40.55095525
kodim16	768x512	393216	23	55550	1.130167643	39.93179282
kodim16	768x512	393216	24	50073	1.018737793	39.30072868
kodim16	768x512	393216	25	44855	0.912577311	38.6365694
kodim16	768x512	393216	26	39932	0.81241862	37.95286038
kodim16	768x512	393216	27	35562	0.723510742	37.29599666
kodim16	768x512	393216	28	31621	0.643330892	36.66979754
kodim16	768x512	393216	29	27794	0.565470378	35.98626354
kodim16	768x512	393216	30	24463	0.497701009	35.35056593
kodim16	768x512	393216	31	21201	0.431335449	34.70068595
kodim16	768x512	393216	32	18337	0.37306722	34.05170823
kodim16	768x512	393216	33	15862	0.322713216	33.4569329
kodim16	768x512	393216	34	13565	0.275980632	32.84668855
kodim16	768x512	393216	35	11491	0.233784993	32.25453011
kodim16	768x512	393216	36	9885	0.20111084	31.71600177
kodim16	768x512	393216	37	8286	0.168579102	31.13215284
kodim16	768x512	393216	38	7011	0.14263916	30.60826661
kodim16	768x512	393216	39	5763	0.117248535	30.04193694
kodim16	768x512	393216	40	4771	0.097066243	29.5363379
kodim16	768x512	393216	41	3930	0.079956055	29.06237701
kodim16	768x512	393216	42	3227	0.065653483	28.62855055
kodim16	768x512	393216	43	2546	0.051798503	28.11076113
kodim16	768x512	393216	44	2066	0.042032878	27.69140552
kodim16	768x512	393216	45	1712	0.034830729	27.32271003
kodim16	768x512	393216	46	1386	0.028198242	26.91560591
kodim16	768x512	393216	47	1116	0.022705078	26.56079407
kodim16	768x512	393216	48	931	0.018941243	26.25812565
kodim16	768x512	393216	49	770	0.01566569	25.85600794
kodim16	768x512	393216	50	663	0.01348877	25.57928961
kodim16	768x512	393216	51	574	0.01167806	25.36840933
kodim17	512x768	393216	22	56813	1.155863444	40.33492429
kodim17	512x768	393216	23	51008	1.037760417	39.77129406
kodim17	512x768	393216	24	46196	0.939860026	39.23497146
kodim17	512x768	393216	25	41396	0.842203776	38.6170698
kodim17	512x768	393216	26	36973	0.752217611	38.03131715
kodim17	512x768	393216	27	33128	0.673990885	37.46389473
kodim17	512x768	393216	28	29510	0.600382487	36.86127638
kodim17	512x768	393216	29	26132	0.531656901	36.25613222
kodim17	512x768	393216	30	23202	0.472045898	35.68028526
kodim17	512x768	393216	31	20422	0.415486654	35.03698864
kodim17	512x768	393216	32	17999	0.366190592	34.43391008
kodim17	512x768	393216	33	15967	0.324849447	33.88221711
kodim17	512x768	393216	34	13968	0.284179688	33.29257479
kodim17	512x768	393216	35	12219	0.248596191	32.71064568
kodim17	512x768	393216	36	10802	0.219767253	32.2033198
kodim17	512x768	393216	37	9394	0.191121419	31.64059174
kodim17	512x768	393216	38	8073	0.164245605	31.04522499
kodim17	512x768	393216	39	7064	0.143717448	30.53062115
kodim17	512x768	393216	40	6203	0.126200358	29.99621909
kodim17	512x768	393216	41	5292	0.107666016	29.4468865
kodim17	512x768	393216	42	4636	0.094319661	28.96280434
kodim17	512x768	393216	43	3969	0.080749512	28.46846225
kodim17	512x768	393216	44	3366	0.068481445	27.96032706
kodim17	512x768	393216	45	2911	0.059224447	27.47684464
kodim17	512x768	393216	46	2488	0.05061849	27.02499321
kodim17	512x768	393216	47	2105	0.042826335	26.36038178
kodim17	512x768	393216	48	1757	0.035746257	25.90001866
kodim17	512x768	393216	49	1488	0.030273438	25.47449037
kodim17	512x768	393216	50	1255	0.02553304	25.05491554
kodim17	512x768	393216	51	1050	0.021362305	24.64244016
kodim18	512x768	393216	22	107419	2.18544515	38.71975291
kodim18	512x768	393216	23	97499	1.983622233	38.05316513
kodim18	512x768	393216	24	88891	1.808492025	37.43164081
kodim18	512x768	393216	25	80617	1.640157064	36.78017603
kodim18	512x768	393216	26	72700	1.479085286	36.08860918
kodim18	512x768	393216	27	65883	1.340393066	35.45234793
kodim18	512x768	393216	28	59706	1.21472168	34.82608103
kodim18	512x768	393216	29	53664	1.091796875	34.14153447
kodim18	512x768	393216	30	48259	0.981831868	33.50579812
kodim18	512x768	393216	31	42951	0.873840332	32.82116865
kodim18	512x768	393216	32	38155	0.776265462	32.14286985
kodim18	512x768	393216	33	33802	0.687703451	31.48697667
kodim18	512x768	393216	34	29600	0.602213542	30.80406252
kodim18	512x768	393216	35	25968	0.528320313	30.15762753
kodim18	512x768	393216	36	22647	0.460754395	29.52269108
kodim18	512x768	393216	37	19427	0.395243327	28.86233002
kodim18	512x768	393216	38	16622	0.338175456	28.23695967
kodim18	512x768	393216	39	14177	0.288431803	27.64943715
kodim18	512x768	393216	40	12058	0.245320638	27.04730105
kodim18	512x768	393216	41	9870	0.200805664	26.39459086
kodim18	512x768	393216	42	8291	0.168680827	25.91199441
kodim18	512x768	393216	43	6826	0.138875326	25.39893124
kodim18	512x768	393216	44	5563	0.113179525	24.88962351
kodim18	512x768	393216	45	4522	0.092000326	24.42419685
kodim18	512x768	393216	46	3604	0.073323568	23.9516668
kodim18	512x768	393216	47	2845	0.057881673	23.51543898
kodim18	512x768	393216	48	2278	0.046346029	23.14109371
kodim18	512x768	393216	49	1861	0.037862142	22.81936373
kodim18	512x768	393216	50	1506	0.030639648	22.51923955
kodim18	512x768	393216	51	1256	0.025553385	22.21026423
kodim19	512x768	393216	22	71273	1.450052897	39.75702927
kodim19	512x768	393216	23	64511	1.312479655	39.15645508
kodim19	512x768	393216	24	58372	1.18758138	38.55576119
kodim19	512x768	393216	25	52649	1.071146647	37.93553536
kodim19	512x768	393216	26	46734	0.950805664	37.25738713
kodim19	512x768	393216	27	41725	0.848897298	36.62927132
kodim19	512x768	393216	28	36858	0.74987793	35.96185643
kodim19	512x768	393216	29	32325	0.657653809	35.28107734
kodim19	512x768	393216	30	28406	0.577921549	34.64813989
kodim19	512x768	393216	31	24544	0.499348958	33.97683189
kodim19	512x768	393216	32	21183	0.430969238	33.32777624
kodim19	512x768	393216	33	18225	0.370788574	32.70118845
kodim19	512x768	393216	34	15534	0.316040039	32.08584123
kodim19	512x768	393216	35	13290	0.270385742	31.48654006
kodim19	512x768	393216	36	11209	0.228047689	30.92089926
kodim19	512x768	393216	37	9612	0.195556641	30.40827929
kodim19	512x768	393216	38	8070	0.16418457	29.87251924
kodim19	512x768	393216	39	6987	0.142150879	29.43268879
kodim19	512x768	393216	40	5961	0.121276855	28.93676821
kodim19	512x768	393216	41	5152	0.104817708	28.49990169
kodim19	512x768	393216	42	4409	0.089701335	28.08594569
kodim19	512x768	393216	43	3856	0.078450521	27.64923054
kodim19	512x768	393216	44	3359	0.06833903	27.21416524
kodim19	512x768	393216	45	2887	0.058736165	26.76921837
kodim19	512x768	393216	46	2511	0.051086426	26.36110236
kodim19	512x768	393216	47	2213	0.0450236	25.96283975
kodim19	512x768	393216	48	1896	0.038574219	25.53338602
kodim19	512x768	393216	49	1616	0.032877604	25.13905798
kodim19	512x768	393216	50	1383	0.028137207	24.72469878
kodim19	512x768	393216	51	1215	0.024719238	24.31627007
kodim20	768x512	393216	22	46795	0.952046712	40.82383374
kodim20	768x512	393216	23	42544	0.865559896	40.34555654
kodim20	768x512	393216	24	38702	0.787394206	39.83206729
kodim20	768x512	393216	25	34933	0.710713704	39.27353949
kodim20	768x512	393216	26	31135	0.633443197	38.65869804
kodim20	768x512	393216	27	27852	0.566650391	38.07189719
kodim20	768x512	393216	28	24763	0.503804525	37.43891461
kodim20	768x512	393216	29	21916	0.445882161	36.82104022
kodim20	768x512	393216	30	19351	0.393697103	36.23212478
kodim20	768x512	393216	31	16813	0.342061361	35.55723885
kodim20	768x512	393216	32	14464	0.294270833	34.92538376
kodim20	768x512	393216	33	12555	0.255432129	34.28999389
kodim20	768x512	393216	34	10821	0.220153809	33.71399821
kodim20	768x512	393216	35	9299	0.189188639	33.13920793
kodim20	768x512	393216	36	8160	0.166015625	32.6198675
kodim20	768x512	393216	37	6868	0.139729818	32.03271322
kodim20	768x512	393216	38	5973	0.121520996	31.58847463
kodim20	768x512	393216	39	5140	0.104573568	31.11252537
kodim20	768x512	393216	40	4460	0.090738932	30.57905591
kodim20	768x512	393216	41	3919	0.079732259	30.15129613
kodim20	768x512	393216	42	3341	0.067972819	29.6999398
kodim20	768x512	393216	43	2915	0.059305827	29.23487723
kodim20	768x512	393216	44	2557	0.052022298	28.77565162
kodim20	768x512	393216	45	2256	0.045898438	28.37843216
kodim20	768x512	393216	46	1974	0.040161133	27.85745569
kodim20	768x512	393216	47	1722	0.03503418	27.32978159
kodim20	768x512	393216	48	1470	0.029907227	26.8899862
kodim20	768x512	393216	49	1281	0.026062012	26.34852955
kodim20	768x512	393216	50	1101	0.022399902	25.7436203
kodim20	768x512	393216	51	945	0.019226074	25.2124127
kodim21	768x512	393216	22	78142	1.58980306	39.76578498
kodim21	768x512	393216	23	71650	1.457722982	39.19701351
kodim21	768x512	393216	24	65971	1.342183431	38.61404391
kodim21	768x512	393216	25	60242	1.225626628	37.98286971
kodim21	768x512	393216	26	54650	1.111857096	37.34316743
kodim21	768x512	393216	27	49823	1.01365153	36.7154444
kodim21	768x512	393216	28	45082	0.917195638	36.06842373
kodim21	768x512	393216	29	40687	0.827779134	35.3860062
kodim21	768x512	393216	30	36701	0.746683757	34.71842783
kodim21	768x512	393216	31	32724	0.665771484	34.01847968
kodim21	768x512	393216	32	29067	0.591369629	33.34063894
kodim21	768x512	393216	33	25851	0.525939941	32.65664379
kodim21	768x512	393216	34	22737	0.462585449	31.98199709
kodim21	768x512	393216	35	19897	0.404805501	31.30713329
kodim21	768x512	393216	36	17432	0.354654948	30.65432715
kodim21	768x512	393216	37	15128	0.307779948	30.02429605
kodim21	768x512	393216	38	12896	0.262369792	29.348814
kodim21	768x512	393216	39	11062	0.225056966	28.73665961
kodim21	768x512	393216	40	9497	0.19321696	28.18218458
kodim21	768x512	393216	41	8068	0.16414388	27.59383683
kodim21	768x512	393216	42	6800	0.138346354	27.08839363
kodim21	768x512	393216	43	5771	0.117411296	26.52700811
kodim21	768x512	393216	44	4767	0.096984863	25.99389096
kodim21	768x512	393216	45	4006	0.081502279	25.48213868
kodim21	768x512	393216	46	3258	0.06628418	24.9969107
kodim21	768x512	393216	47	2723	0.055399577	24.5385198
kodim21	768x512	393216	48	2259	0.045959473	24.1439219
kodim21	768x512	393216	49	1892	0.038492839	23.76360706
kodim21	768x512	393216	50	1585	0.032246908	23.38167028
kodim21	768x512	393216	51	1368	0.027832031	23.07741693
kodim22	768x512	393216	22	86105	1.75181071	39.29548748
kodim22	768x512	393216	23	77771	1.582255046	38.64522074
kodim22	768x512	393216	24	70616	1.436686198	38.012779
kodim22	768x512	393216	25	63454	1.290974935	37.32511514
kodim22	768x512	393216	26	56431	1.148091634	36.63116927
kodim22	768x512	393216	27	50452	1.026448568	35.97208358
kodim22	768x512	393216	28	44721	0.909851074	35.30986781
kodim22	768x512	393216	29	39294	0.799438477	34.60527341
kodim22	768x512	393216	30	34523	0.702372233	33.97274278
kodim22	768x512	393216	31	29931	0.608947754	33.28966281
kodim22	768x512	393216	32	25861	0.526143392	32.64776849
kodim22	768x512	393216	33	22390	0.455525716	32.02064337
kodim22	768x512	393216	34	19018	0.386922201	31.40791535
kodim22	768x512	393216	35	16085	0.327250163	30.79598081
kodim22	768x512	393216	36	13547	0.275614421	30.21107443
kodim22	768x512	393216	37	11357	0.231058757	29.68881051
kodim22	768x512	393216	38	9428	0.191813151	29.11857139
kodim22	768x512	393216	39	7864	0.15999349	28.63164871
kodim22	768x512	393216	40	6547	0.133199056	28.15479962
kodim22	768x512	393216	41	5390	0.109659831	27.66017983
kodim22	768x512	393216	42	4414	0.08980306	27.24516184
kodim22	768x512	393216	43	3669	0.074645996	26.83121209
kodim22	768x512	393216	44	3083	0.062723796	26.49113744
kodim22	768x512	393216	45	2530	0.051472982	26.03937102
kodim22	768x512	393216	46	2129	0.043314616	25.73151085
kodim22	768x512	393216	47	1820	0.037027995	25.3865222
kodim22	768x512	393216	48	1559	0.031717936	25.11446591
kodim22	768x512	393216	49	1293	0.026306152	24.6818877
kodim22	768x512	393216	50	1092	0.022216797	24.33897122
kodim22	768x512	393216	51	945	0.019226074	24.01661015
kodim23	768x512	393216	22	36380	0.740152995	41.02464029
kodim23	768x512	393216	23	32505	0.661315918	40.58666283
kodim23	768x512	393216	24	29058	0.591186523	40.14170323
kodim23	768x512	393216	25	25994	0.528849284	39.68930779
kodim23	768x512	393216	26	23115	0.470275879	39.20248251
kodim23	768x512	393216	27	20680	0.420735677	38.71494104
kodim23	768x512	393216	28	18472	0.375813802	38.23696804
kodim23	768x512	393216	29	16535	0.336405436	37.74850311
kodim23	768x512	393216	30	14883	0.30279541	37.26216226
kodim23	768x512	393216	31	13117	0.266866048	36.71639115
kodim23	768x512	393216	32	11665	0.237325033	36.22594468
kodim23	768x512	393216	33	10381	0.211201986	35.68945206
kodim23	768x512	393216	34	9200	0.187174479	35.1393364
kodim23	768x512	393216	35	8113	0.165059408	34.59588806
kodim23	768x512	393216	36	7309	0.148701986	34.10589397
kodim23	768x512	393216	37	6398	0.130167643	33.53514803
kodim23	768x512	393216	38	5677	0.115498861	32.98454071
kodim23	768x512	393216	39	4997	0.101664225	32.50289974
kodim23	768x512	393216	40	4444	0.090413411	31.98017422
kodim23	768x512	393216	41	3906	0.079467773	31.37002667
kodim23	768x512	393216	42	3424	0.069661458	30.86206918
kodim23	768x512	393216	43	3058	0.062215169	30.42204725
kodim23	768x512	393216	44	2658	0.054077148	29.86846291
kodim23	768x512	393216	45	2392	0.048665365	29.41222783
kodim23	768x512	393216	46	2065	0.042012533	28.83224199
kodim23	768x512	393216	47	1830	0.037231445	28.21847377
kodim23	768x512	393216	48	1590	0.032348633	27.71944681
kodim23	768x512	393216	49	1415	0.028788249	27.15193451
kodim23	768x512	393216	50	1249	0.02541097	26.72391936
kodim23	768x512	393216	51	1121	0.022806803	26.29319327
kodim24	768x512	393216	22	97303	1.979634603	39.81387376
kodim24	768x512	393216	23	89084	1.81241862	39.08996938
kodim24	768x512	393216	24	82105	1.670430501	38.41179266
kodim24	768x512	393216	25	75236	1.530680339	37.6920874
kodim24	768x512	393216	26	68548	1.39461263	36.95697391
kodim24	768x512	393216	27	62496	1.271484375	36.2431217
kodim24	768x512	393216	28	56660	1.152750651	35.52452859
kodim24	768x512	393216	29	51209	1.041849772	34.74530106
kodim24	768x512	393216	30	46251	0.940979004	34.06237084
kodim24	768x512	393216	31	41459	0.843485514	33.32312899
kodim24	768x512	393216	32	37242	0.75769043	32.63117234
kodim24	768x512	393216	33	33198	0.675415039	31.91103861
kodim24	768x512	393216	34	29352	0.597167969	31.20401806
kodim24	768x512	393216	35	25991	0.528788249	30.50579306
kodim24	768x512	393216	36	22928	0.466471354	29.83801312
kodim24	768x512	393216	37	19751	0.401835124	29.16948471
kodim24	768x512	393216	38	16864	0.343098958	28.43104551
kodim24	768x512	393216	39	14643	0.297912598	27.8189848
kodim24	768x512	393216	40	12394	0.252156576	27.16508856
kodim24	768x512	393216	41	10513	0.213887533	26.57007424
kodim24	768x512	393216	42	8786	0.178751628	25.95124795
kodim24	768x512	393216	43	7176	0.145996094	25.32412329
kodim24	768x512	393216	44	5809	0.118184408	24.73433915
kodim24	768x512	393216	45	4744	0.096516927	24.18218672
kodim24	768x512	393216	46	3933	0.08001709	23.72680175
kodim24	768x512	393216	47	3173	0.06455485	23.25944202
kodim24	768x512	393216	48	2577	0.052429199	22.82228059
kodim24	768x512	393216	49	2105	0.042826335	22.43557282
kodim24	768x512	393216	50	1672	0.034016927	22.05409335
kodim24	768x512	393216	51	1393	0.028340658	21.73292678
